{"cameraMode":{"drawMode":0,"name":"Shaded","section":"Shading Mode"},"sceneLighting":false,"audioPlay":false,"sceneViewState":{"m_AlwaysRefresh":false,"showFog":true,"showSkybox":false,"showFlares":true,"showImageEffects":true,"showParticleSystems":true,"showVisualEffectGraphs":true,"m_FxEnabled":true},"in2DMode":false,"pivot":{"x":-129.3699951171875,"y":0.8560190796852112,"z":18.106529235839845},"rotation":{"x":0.24202339351177216,"y":0.050909098237752917,"z":-0.012706078588962555,"w":0.9687817096710205},"size":1.723748803138733,"orthographic":false}