{"cameraMode":{"drawMode":0,"name":"Shaded","section":"Shading Mode"},"sceneLighting":false,"audioPlay":false,"sceneViewState":{"m_AlwaysRefresh":false,"showFog":true,"showSkybox":false,"showFlares":true,"showImageEffects":true,"showParticleSystems":true,"showVisualEffectGraphs":true,"m_FxEnabled":true},"in2DMode":false,"pivot":{"x":-126.71527862548828,"y":1.4644322395324708,"z":15.335620880126954},"rotation":{"x":0.1096842959523201,"y":0.15914730727672578,"z":-0.01750153861939907,"w":0.9808847904205322},"size":1.723748803138733,"orthographic":false}